<?xml version="1.0"?>
<base>
<npc id="bandit01" attitude="hostile" guild="1">
    <stats>Bandit;2;3;2;2;1;1;portrait2.jpg;</stats>
    <spritesheet>cloth12221-45x55-2.png</spritesheet>
    <eq>
        <head></head>
        <chest>acCS00</chest>
        <hands></hands>
        <mainhand>wSOHI</mainhand>
        <offhand></offhand>
        <feet></feet>
        <neck></neck>
        <finger1></finger1>
        <finger2></finger2>
        <artifact></artifact>    
        <in gold="2">
            <item random="false">acCS00</item>;
            <item random="true">wSOHI</item>;
        </in>
    </eq>
</npc>
<npc id="ericP01" attitude="friendly" guild="0">
    <stats>Eric;2;3;2;2;1;1;portrait0.jpg;</stats>
    <spritesheet>cloth12221-45x55-2.png</spritesheet>
    <eq>
        <head></head>
        <chest>acCS00</chest>
        <hands></hands>
        <mainhand>wSOHI</mainhand>
        <offhand></offhand>
        <feet></feet>
        <neck></neck>
        <finger1></finger1>
        <finger2></finger2>
        <artifact></artifact>    
        <in gold="2">
        </in>
    </eq>
</npc>
<npc id="kianP01" attitude="friendly" guild="0">
    <stats>Kian;2;3;2;2;1;1;portrait1.jpg;</stats>
    <spritesheet>cloth12221-45x55-2.png</spritesheet>
    <eq>
        <head></head>
        <chest>acCS00</chest>
        <hands></hands>
        <mainhand>wSOHI</mainhand>
        <offhand></offhand>
        <feet></feet>
        <neck></neck>
        <finger1></finger1>
        <finger2></finger2>
        <artifact></artifact>    
        <in gold="2">
        </in>
    </eq>
</npc>
<npc id="ewanP01" attitude="friendly" guild="0">
    <stats>Ewan;2;3;2;2;1;1;portrait2.jpg;</stats>
    <spritesheet>cloth12221-45x55-2.png</spritesheet>
    <eq>
        <head></head>
        <chest>acCS00</chest>
        <hands></hands>
        <mainhand>wSOHI</mainhand>
        <offhand></offhand>
        <feet></feet>
        <neck></neck>
        <finger1></finger1>
        <finger2></finger2>
        <artifact></artifact>    
        <in gold="2">
        </in>
    </eq>
</npc>
</base>
